{
  "breast_cancer": {
    "OQBoost": {
      "n_estimators": 254,
      "learning_rate": 0.045633479761632394,
      "max_depth": 2,
      "max_bins": 25,
      "subsample": 0.7760609974958405,
      "colsample": 0.6488152939379115,
      "reg_lambda": 0.6938901412739394
    },
    "XGBoost": {
      "n_estimators": 243,
      "learning_rate": 0.20682149018119617,
      "max_depth": 8,
      "subsample": 0.6816731945441582,
      "colsample_bytree": 0.8571061817943646,
      "reg_lambda": 1.5184279596939831,
      "min_child_weight": 1
    },
    "LightGBM": {
      "n_estimators": 210,
      "learning_rate": 0.15791834158778312,
      "max_depth": 7,
      "num_leaves": 99,
      "subsample": 0.6010815467681386,
      "colsample_bytree": 0.8204143909405506,
      "reg_lambda": 0.12099806852643286
    },
    "CatBoost": {
      "n_estimators": 181,
      "learning_rate": 0.036453054983489025,
      "depth": 3,
      "l2_leaf_reg": 1.0334701297141249,
      "subsample": 0.9257654203528443
    }
  },
  "german_credit": {
    "OQBoost": {
      "n_estimators": 242,
      "learning_rate": 0.06267227443208938,
      "max_depth": 2,
      "max_bins": 31,
      "subsample": 0.8527288968541575,
      "colsample": 0.6025970165339375,
      "reg_lambda": 0.3351947020459186
    },
    "XGBoost": {
      "n_estimators": 300,
      "learning_rate": 0.024493282348765556,
      "max_depth": 5,
      "subsample": 0.6243214189869694,
      "colsample_bytree": 0.6267676723400226,
      "reg_lambda": 0.5238150503921102,
      "min_child_weight": 2
    },
    "LightGBM": {
      "n_estimators": 111,
      "learning_rate": 0.024918372323100835,
      "max_depth": 6,
      "num_leaves": 62,
      "subsample": 0.7653398028233692,
      "colsample_bytree": 0.6858767751601377,
      "reg_lambda": 0.19037999063987432
    },
    "CatBoost": {
      "n_estimators": 227,
      "learning_rate": 0.022485740704574462,
      "depth": 4,
      "l2_leaf_reg": 7.109242081874172,
      "subsample": 0.8714913221608888
    }
  },
  "diabetes": {
    "OQBoost": {
      "n_estimators": 96,
      "learning_rate": 0.045035916005041095,
      "max_depth": 2,
      "max_bins": 23,
      "subsample": 0.7838411618943655,
      "colsample": 0.6674360332512806,
      "reg_lambda": 0.12292235606383327
    },
    "XGBoost": {
      "n_estimators": 140,
      "learning_rate": 0.030193515530327137,
      "max_depth": 7,
      "subsample": 0.7448727170572423,
      "colsample_bytree": 0.600556248456336,
      "reg_lambda": 0.3711170476278051,
      "min_child_weight": 9
    },
    "LightGBM": {
      "n_estimators": 74,
      "learning_rate": 0.05834868715028511,
      "max_depth": 5,
      "num_leaves": 27,
      "subsample": 0.9806177701523374,
      "colsample_bytree": 0.6651092342306727,
      "reg_lambda": 0.15122760201297875
    },
    "CatBoost": {
      "n_estimators": 207,
      "learning_rate": 0.029180149047462245,
      "depth": 4,
      "l2_leaf_reg": 1.498365454855079,
      "subsample": 0.7824279936868144
    }
  },
  "spambase": {
    "OQBoost": {
      "n_estimators": 255,
      "learning_rate": 0.041585116442835864,
      "max_depth": 4,
      "max_bins": 18,
      "subsample": 0.7281742238672847,
      "colsample": 0.6252927449171616,
      "reg_lambda": 1.3393173529525881
    },
    "XGBoost": {
      "n_estimators": 165,
      "learning_rate": 0.058576321534982226,
      "max_depth": 5,
      "subsample": 0.8165909474913982,
      "colsample_bytree": 0.9575166058478326,
      "reg_lambda": 1.8731758102791658,
      "min_child_weight": 1
    },
    "LightGBM": {
      "n_estimators": 61,
      "learning_rate": 0.29760286772045497,
      "max_depth": 5,
      "num_leaves": 111,
      "subsample": 0.9895045416254312,
      "colsample_bytree": 0.7670300066541557,
      "reg_lambda": 1.6204249807206628
    },
    "CatBoost": {
      "n_estimators": 199,
      "learning_rate": 0.05521122598592795,
      "depth": 7,
      "l2_leaf_reg": 9.223047741879915,
      "subsample": 0.7626044815952759
    }
  },
  "bank_marketing": {
    "OQBoost": {
      "n_estimators": 223,
      "learning_rate": 0.03719257941975386,
      "max_depth": 4,
      "max_bins": 27,
      "subsample": 0.7479526862954654,
      "colsample": 0.9663506817502676,
      "reg_lambda": 1.9409515961043005
    },
    "XGBoost": {
      "n_estimators": 189,
      "learning_rate": 0.0478153286208132,
      "max_depth": 5,
      "subsample": 0.9649172887150785,
      "colsample_bytree": 0.9343153457871509,
      "reg_lambda": 2.775588695780986,
      "min_child_weight": 1
    },
    "LightGBM": {
      "n_estimators": 210,
      "learning_rate": 0.06820255057708681,
      "max_depth": 4,
      "num_leaves": 96,
      "subsample": 0.9335681747855361,
      "colsample_bytree": 0.7849989748250507,
      "reg_lambda": 3.8104311058711087
    },
    "CatBoost": {
      "n_estimators": 238,
      "learning_rate": 0.062080622515903176,
      "depth": 6,
      "l2_leaf_reg": 1.2647485151122724,
      "subsample": 0.6439010957729913
    }
  },
  "adult": {
    "OQBoost": {
      "n_estimators": 161,
      "learning_rate": 0.04760903887302353,
      "max_depth": 4,
      "max_bins": 19,
      "subsample": 0.9357147516327098,
      "colsample": 0.683769272209143,
      "reg_lambda": 0.10115456055304105
    },
    "XGBoost": {
      "n_estimators": 209,
      "learning_rate": 0.03647226732906268,
      "max_depth": 7,
      "subsample": 0.9693491288449168,
      "colsample_bytree": 0.6175028440875108,
      "reg_lambda": 0.314138255478383,
      "min_child_weight": 1
    },
    "LightGBM": {
      "n_estimators": 127,
      "learning_rate": 0.09924764011720569,
      "max_depth": 5,
      "num_leaves": 40,
      "subsample": 0.9814513441163423,
      "colsample_bytree": 0.6694343075828997,
      "reg_lambda": 0.26571589360861353
    },
    "CatBoost": {
      "n_estimators": 269,
      "learning_rate": 0.11855180773869227,
      "depth": 4,
      "l2_leaf_reg": 0.7057735676987761,
      "subsample": 0.9007487410803311
    }
  },
  "phoneme": {
    "OQBoost": {
      "n_estimators": 276,
      "learning_rate": 0.22845202322636457,
      "max_depth": 5,
      "max_bins": 8,
      "subsample": 0.8288943888388846,
      "colsample": 0.9062008842493571,
      "reg_lambda": 0.14776082673804142
    },
    "XGBoost": {
      "n_estimators": 278,
      "learning_rate": 0.08087735202324757,
      "max_depth": 8,
      "subsample": 0.6359849235470529,
      "colsample_bytree": 0.9930904170629192,
      "reg_lambda": 2.510928255989077,
      "min_child_weight": 1
    },
    "LightGBM": {
      "n_estimators": 130,
      "learning_rate": 0.18011477529853762,
      "max_depth": 7,
      "num_leaves": 111,
      "subsample": 0.9559880434179285,
      "colsample_bytree": 0.880427643021345,
      "reg_lambda": 0.18998767789987187
    },
    "CatBoost": {
      "n_estimators": 263,
      "learning_rate": 0.11054280459494133,
      "depth": 8,
      "l2_leaf_reg": 0.6783052388983458,
      "subsample": 0.7643906372601212
    }
  },
  "banknote": {
    "OQBoost": {
      "n_estimators": 150,
      "learning_rate": 0.26251660632419294,
      "max_depth": 4,
      "max_bins": 22,
      "subsample": 0.6624074561769746,
      "colsample": 0.662397808134481,
      "reg_lambda": 0.1255111517297383
    },
    "XGBoost": {
      "n_estimators": 296,
      "learning_rate": 0.10922004996673076,
      "max_depth": 8,
      "subsample": 0.6034989467874442,
      "colsample_bytree": 0.8591046578827319,
      "reg_lambda": 4.386777990168715,
      "min_child_weight": 1
    },
    "LightGBM": {
      "n_estimators": 268,
      "learning_rate": 0.10185822566867639,
      "max_depth": 7,
      "num_leaves": 17,
      "subsample": 0.9879639408647978,
      "colsample_bytree": 0.9329770563201687,
      "reg_lambda": 0.22948683681130555
    },
    "CatBoost": {
      "n_estimators": 64,
      "learning_rate": 0.276523786324477,
      "depth": 7,