{
  "breast_cancer": {
    "OQBoost": {
      "n_estimators": 157,
      "learning_rate": 0.16441276357261972,
      "max_depth": 1,
      "max_bins": 189,
      "subsample": 0.7093459948210864,
      "colsample": 0.7840106965468472,
      "reg_lambda": 0.30136292927948166,
      "n_screen": 16
    },
    "XGBoost": {
      "n_estimators": 243,
      "learning_rate": 0.20682149018119617,
      "max_depth": 8,
      "subsample": 0.6816731945441582,
      "colsample_bytree": 0.8571061817943646,
      "reg_lambda": 1.5184279596939831,
      "min_child_weight": 1
    },
    "LightGBM": {
      "n_estimators": 210,
      "learning_rate": 0.15791834158778312,
      "max_depth": 7,
      "num_leaves": 99,
      "subsample": 0.6010815467681386,
      "colsample_bytree": 0.8204143909405506,
      "reg_lambda": 0.12099806852643286
    },
    "CatBoost": {
      "n_estimators": 181,
      "learning_rate": 0.036453054983489025,
      "depth": 3,
      "l2_leaf_reg": 1.0334701297141249,
      "subsample": 0.9257654203528443
    }
  },
  "german_credit": {
    "OQBoost": {
      "n_estimators": 157,
      "learning_rate": 0.20445078202193961,
      "max_depth": 1,
      "max_bins": 156,
      "subsample": 0.8041642912864795,
      "colsample": 0.6017062594387346,
      "reg_lambda": 0.6825397275435747,
      "n_screen": 16
    },
    "XGBoost": {
      "n_estimators": 230,
      "learning_rate": 0.0378970446744748,
      "max_depth": 4,
      "subsample": 0.6293210677707151,
      "colsample_bytree": 0.6100775499845346,
      "reg_lambda": 1.4402419601536562,
      "min_child_weight": 1
    },
    "LightGBM": {
      "n_estimators": 126,
      "learning_rate": 0.05956812284906709,
      "max_depth": 3,
      "num_leaves": 41,
      "subsample": 0.789306232399524,
      "colsample_bytree": 0.6228203570296316,
      "reg_lambda": 0.13755599973187888
    },
    "CatBoost": {
      "n_estimators": 248,
      "learning_rate": 0.025324278661250844,
      "depth": 4,
      "l2_leaf_reg": 8.116108141465933,
      "subsample": 0.9251481358873872
    }
  },
  "diabetes": {
    "OQBoost": {
      "n_estimators": 88,
      "learning_rate": 0.0965551658743058,
      "max_depth": 1,
      "max_bins": 101,
      "subsample": 0.7248968348429676,
      "colsample": 0.6917784318363778,
      "reg_lambda": 0.10248553235844518,
      "n_screen": 16
    },
    "XGBoost": {
      "n_estimators": 151,
      "learning_rate": 0.024911131984803655,
      "max_depth": 3,
      "subsample": 0.7860053696576474,
      "colsample_bytree": 0.7678903544112078,
      "reg_lambda": 0.41864806415076017,
      "min_child_weight": 9
    },
    "LightGBM": {
      "n_estimators": 101,
      "learning_rate": 0.02759581490039924,
      "max_depth": 3,
      "num_leaves": 87,
      "subsample": 0.6169019032251537,
      "colsample_bytree": 0.6169901513754477,
      "reg_lambda": 0.10055455642361248
    },
    "CatBoost": {
      "n_estimators": 207,
      "learning_rate": 0.029180149047462245,
      "depth": 4,
      "l2_leaf_reg": 1.498365454855079,
      "subsample": 0.7824279936868144
    }
  },
  "spambase": {
    "OQBoost": {
      "n_estimators": 278,
      "learning_rate": 0.04653151912207737,
      "max_depth": 4,
      "max_bins": 24,
      "subsample": 0.8802930937486891,
      "colsample": 0.9794600661914072,
      "reg_lambda": 0.886807800042374,
      "n_screen": 16
    },
    "XGBoost": {
      "n_estimators": 284,
      "learning_rate": 0.0397649693365568,
      "max_depth": 4,
      "subsample": 0.7822949104432538,
      "colsample_bytree": 0.8901186866933706,
      "reg_lambda": 0.12905464047253506,
      "min_child_weight": 1
    },
    "LightGBM": {
      "n_estimators": 196,
      "learning_rate": 0.12563793739505932,
      "max_depth": 3,
      "num_leaves": 87,
      "subsample": 0.9100609531554543,
      "colsample_bytree": 0.9194311378284077,
      "reg_lambda": 0.16868590311942572
    },
    "CatBoost": {
      "n_estimators": 235,
      "learning_rate": 0.07261207928839067,
      "depth": 7,
      "l2_leaf_reg": 9.484655082374019,
      "subsample": 0.8022061823635473
    }
  },
  "bank_marketing": {
    "OQBoost": {
      "n_estimators": 295,
      "learning_rate": 0.06938053862656111,
      "max_depth": 3,
      "max_bins": 54,
      "subsample": 0.7787765585369761,
      "colsample": 0.9628396974143607,
      "reg_lambda": 4.251765517664126,
      "n_screen": 16
    },
    "XGBoost": {
      "n_estimators": 189,
      "learning_rate": 0.0478153286208132,
      "max_depth": 5,
      "subsample": 0.9649172887150785,
      "colsample_bytree": 0.9343153457871509,
      "reg_lambda": 2.775588695780986,
      "min_child_weight": 1
    },
    "LightGBM": {
      "n_estimators": 191,
      "learning_rate": 0.03592067998785857,
      "max_depth": 5,
      "num_leaves": 39,
      "subsample": 0.9644852996273818,
      "colsample_bytree": 0.8751733359709726,
      "reg_lambda": 2.6339901558059164
    },
    "CatBoost": {
      "n_estimators": 282,
      "learning_rate": 0.12038092771104686,
      "depth": 4,
      "l2_leaf_reg": 0.6889272067411498,
      "subsample": 0.9089701250295541
    }
  },
  "adult": {
    "OQBoost": {
      "n_estimators": 174,
      "learning_rate": 0.04582428912216559,
      "max_depth": 4,
      "max_bins": 214,
      "subsample": 0.972007482786952,
      "colsample": 0.8830750349334291,
      "reg_lambda": 0.10501963893094303,
      "n_screen": 16
    },
    "XGBoost": {
      "n_estimators": 157,
      "learning_rate": 0.04226018570466752,
      "max_depth": 7,
      "subsample": 0.9195361025909534,
      "colsample_bytree": 0.6103635791162035,
      "reg_lambda": 0.587647293625963,
      "min_child_weight": 1
    },
    "LightGBM": {
      "n_estimators": 127,
      "learning_rate": 0.09924764011720569,
      "max_depth": 5,
      "num_leaves": 40,
      "subsample": 0.9814513441163423,
      "colsample_bytree": 0.6694343075828997,
      "reg_lambda": 0.26571589360861353
    },
    "CatBoost": {
      "n_estimators": 268,
      "learning_rate": 0.08593400066179585,
      "depth": 3,
      "l2_leaf_reg": 0.9334039047554386,
      "subsample": 0.8641344665885411
    }
  },
  "phoneme": {
    "OQBoost": {
      "n_estimators": 272,
      "learning_rate": 0.24134849329698588,
      "max_depth": 4,
      "max_bins": 228,
      "subsample": 0.9799307791052262,
      "colsample": 0.8012751670163307,
      "reg_lambda": 0.18800418738764113,
      "n_screen": 16
    },
    "XGBoost": {
      "n_estimators": 246,
      "learning_rate": 0.06606678584923364,
      "max_depth": 8,
      "subsample": 0.6905746585027858,
      "colsample_bytree": 0.9797037882793234,
      "reg_lambda": 1.7575965781467666,
      "min_child_weight": 1
    },
    "LightGBM": {
      "n_estimators": 290,
      "learning_rate": 0.08499372915495097,
      "max_depth": 8,
      "num_leaves": 98,
      "subsample": 0.7861882243205224,
      "colsample_bytree": 0.9615280601460168,
      "reg_lambda": 0.12980147995787364
    },
    "CatBoost": {
      "n_estimators": 275,
      "learning_rate": 0.10035058216362597,
      "depth": 8,
      "l2_leaf_reg": 0.6212611555957707,
      "subsample": 0.7590289784639994
    }
  },
  "banknote": {
    "OQBoost": {
      "n_estimators": 150,
      "learning_rate": 0.26251660632419294,
      "max_depth": 3,
      "max_bins": 156,
      "subsample": 0.6624074561769746,
      "colsample": 0.662397808134481,
      "reg_lambda": 0.1255111517297383,
      "n_screen": 16
    },
    "XGBoost": {
      "n_estimators": 244,
      "learning_rate": 0.14770903712492078,
      "max_depth": 3,
      "subsample": 0.6688227304867866,
      "colsample_bytree": 0.8206810087951186,
      "reg_lambda": 3.4844074495634523,
      "min_child_weight": 1
    },
    "LightGBM": {
      "n_estimators": 268,
      "learning_rate": 0.10185822566867639,
      "max_depth": 7,
      "num_leaves": 17,
      "subsample": 0.9879639408647978,
      "colsample_bytree": 0.9329770563201687,